filename,label
0017_fake.mp4.mp4,0.6755250096321106
0045.mp4.mp4,0.7959015369415283
0048_fake.mp4.mp4,0.963476836681366
28__talking_angry_couch.mp4.mp4,0.32803261280059814
aajsqyyjni.mp4,0.051508307456970215
anndvqgoko.mp4,0.029951095581054688
azlfodrdst.mp4,0.591866135597229
knqhpwoigk.mp4,0.15155678987503052
sample_1.mp4,0.9075869917869568
sample_2.mp4,0.2607269883155823
sample_3.mp4,0.020317554473876953
sample_4.mp4,0.011440813541412354
